Operator,LLM,Unit Test,SMT,Autotuning,Evaluation
Relu,2834.218,636.364,0.0,364.47,280.707
Softmax,7557.914666666667,636.364,200.143,400.9170000000001,289.12821
GEMM,3778.9573333333333,636.364,1601.144,3644.7000000000003,308.77770000000004
"Conv2D
NHWC",3778.9573333333333,636.364,2401.716,5102.58,289.12821
"Self
Attention",14171.089999999998,1272.728,4803.432,7289.400000000001,561.414
"Deformable
Attention",2834.218,636.364,12008.58,364.47,294.74235
